target_block,pairs,PrivSemantic,NoPrivSemantic,RandomTeacherSemantic,PrivRandomSegment,PrivRandomBit,PrivWrongTarget,PrivWrongLigand
A0A1B1JH81,1,4.647443759667285e-05,1.8996643910079155e-08,1.6637322573216022e-07,0.0002645788752357709,6.489608662343727e-06,1.8383944418678173e-05,7.36111055063629e-05
A2RI36,1,0.00025224503931818397,2.6583739050290465e-05,1.3049024797013065e-07,9.771864779616728e-05,8.888320224660988e-05,4.7209473247355103e-05,0.000648785300896957
A4TVL0,1,8.063848259457304e-05,4.55074482512543e-08,7.526365870433974e-07,0.0009598642105586722,4.640683138871423e-06,0.0004948833114085203,5.1774391434281916e-05
A5H660,3,0.0006900595441181903,1.9062273020522133e-08,2.1201333444469632e-07,0.0006298422730307082,5.9319083492086684e-05,9.921164202845148e-05,0.00027565851656275847
A5K1A2,1,0.0003270046938361103,2.998294213762974e-08,1.2492311803134595e-07,0.0001667491283365226,6.6539213854198885e-06,0.0001926238515569481,0.0005412248367984223
B2ZB02,1,0.0006172948450694959,4.494905432804985e-08,4.477678029133402e-07,0.00011200776833233532,3.645021540051739e-05,0.00021924184551820844,0.000152191356196293
B7QK46,1,0.0015866879029359697,3.192392466588556e-08,2.1185785884810696e-07,0.0003843857146826913,2.6916615911093937e-05,3.759450943692133e-05,0.0017907356822417207
C3L5T6,1,0.002037567231872969,3.562798670041574e-08,2.3449475769033257e-07,0.0003799973477950326,6.570601938862903e-06,2.3736623626916513e-05,0.0007024813598338807
C6G099,1,3.682482175582298e-05,3.6459503438088756e-08,1.0943136183651466e-07,0.00014267128239985703,4.903115701169436e-06,7.105982939593997e-05,7.008583785455272e-06
D2V4Z5,1,0.00014278879654413076,1.800820011274598e-08,1.0371259091420326e-07,5.271730579678237e-05,1.3186360985124498e-05,3.096688097115068e-05,0.0001911269225261408
D3Z7P3,1,0.00026139981259053777,7.466573130680429e-08,1.9913289997675828e-07,2.2492103195763466e-05,3.1964103426138325e-06,2.262896627229234e-05,0.00045271077661697146
F1QCV2,1,9.273525338893195e-05,4.1827576270447263e-08,1.6651370348182936e-07,4.579187546831071e-05,1.8796241402303293e-05,1.5627241965168413e-05,0.00014633443473172983
F8W4B7,4,0.0003164679593360654,0.00016697022460170093,1.1259206140132266e-07,0.00010861756904015101,1.9334537812889927e-05,3.0516411038158006e-05,0.00021143735758260415
O00408,2,0.0016482131793233233,2.001954957860601e-08,1.850856489156346e-07,0.0003819922465797079,5.870812280410676e-05,3.852959711388908e-05,0.0007962321011628241
O60760,9,0.0005617876000234177,1.4461386951782637e-05,1.9301069115321436e-07,0.0001751085297609177,5.469955615890177e-05,1.7928205934377876e-05,0.0004149938644275357
O76074,7,0.0004581552714366726,3.5925662590217016e-08,9.795920805002204e-08,0.00020022401960953035,8.769982012837765e-05,3.977830297558997e-05,0.0004581552714366726
O94925,3,0.00031286767238742117,3.64073494623133e-08,1.6243166233935382e-07,4.594724075804625e-05,2.8111218154058836e-05,0.00020458155660671562,0.00031286767238742117
P00797,2,0.00021884899618679053,3.0224025664925547e-08,5.710708323624528e-08,2.167779361462915e-05,2.2434131296432686e-05,1.7278381922285013e-05,0.00021884899618679053
P01724,1,0.00020010470800207927,2.8022614536733913e-08,5.202102820306299e-07,0.0009023833930190084,4.362673404690802e-05,0.00030913051680643236,0.0001037802873748535
P02768,3,0.0005729481543191384,2.0753015031340205e-08,1.0563234152364674e-07,7.777145034271586e-05,2.4924281738606278e-05,3.69044594487301e-05,0.00031093056839830456
P03147,1,4.446196820403798e-05,2.3347664650380589e-07,9.778099476783147e-08,0.00010415073606452474,2.3088559394857403e-06,2.9161449423872616e-05,2.949171994363473e-05
P03211,1,0.00025947297760764486,1.5710916739810435e-07,3.118104843468671e-07,1.0836129564752864e-05,2.9338343718540256e-05,8.250164241988091e-06,0.00021401822091194988
P05982,1,6.831287768306054e-06,9.57565103956819e-08,7.5528899406687e-08,4.187134211227061e-05,5.483953371750796e-07,0.0003231578148925595,7.098481426482746e-05
P07327,1,0.0005438249102598658,2.0803384750546853e-08,4.3840854038543463e-07,0.003128921400527958,8.00845217983248e-05,0.00023790305063966716,8.179853194407401e-05
P09211,1,5.668446523082092e-05,4.8818700106044103e-08,2.0715961341876153e-07,0.00023825983641763665,6.224910517859636e-07,0.00011905743961201618,0.0004361554803798035
P0AES6,1,0.00025634073135128804,1.9895617398189115e-08,1.3108133682032124e-07,2.1043632793290628e-05,2.265944133514142e-05,1.454901486096134e-05,0.00026826120759263134
P0AEX9,3,0.0001158517048317877,2.3982135779334705e-08,5.8684381263751975e-08,0.00026229203832081474,1.5174632920202584e-06,9.35589818836469e-06,0.0001158517048317877
P10415,3,0.0001041768934968533,5.2520306233090915e-08,8.826306051652732e-08,4.672150628010068e-05,8.970667624079306e-05,9.403077797094948e-05,4.182945290671051e-05
P14174,10,0.00013728844144066598,4.580735280674501e-08,2.787754766545539e-07,0.0005060532015185553,1.8436337211262336e-05,6.122153720402317e-05,0.00019012087467643957
P14324,1,0.0005815818236100747,7.022747617230997e-08,5.125646600139954e-07,0.00013677788803869679,2.7695435743089684e-05,4.1485702549260155e-05,0.0002599039647111056
P15559,1,0.002421516488505399,7.74621901274808e-08,1.0271136510676294e-07,5.5124295153205624e-05,8.321642758212291e-06,0.00011933413468945412,0.0007510656396858957
P16083,2,0.00010201679596153683,1.6362688081595907e-08,1.3198735368086534e-07,0.00011388550900188452,5.656897742749942e-06,1.54277096783364e-05,0.0001439653378398477
P18031,8,0.0007964640226579796,6.492281463117477e-08,2.784756816549846e-07,0.00021119507777155757,3.799234392606392e-05,3.10310486746923e-05,0.0006626132039383376
P18946,1,0.00033287093482686135,0.0005536575842569764,1.5208737829211233e-07,7.374354783346322e-05,5.763978324458843e-05,2.6839924628271214e-05,0.00036649789868543366
P19652,1,3.490689417816687e-05,6.227309827202942e-08,2.4285895435541286e-07,5.318466516264877e-05,4.031354229687237e-06,3.468781915767831e-05,1.679337776590148e-05
P30419,2,0.002121698123344034,2.3965733014597933e-08,1.7619660375425009e-07,0.0001232391041393111,0.00010205223352805111,2.3322353221915568e-05,0.0019459141013041313
P41182,7,0.0004764580173942744,0.00011246161133981951,3.1511964062407884e-07,0.0001912383077694835,4.3512304085788165e-05,0.0005678439230562396,0.0004917350969069346
P50053,1,8.698977214566651e-05,0.0008967536487206285,3.107007438222663e-07,7.916852837796533e-05,3.6898427605523675e-06,0.00015407753425274789,0.00013225950219692553
P54829,1,0.0009070228143484586,1.9544386920747528e-08,2.6711509684507744e-07,4.9697463262692024e-05,1.86835872902149e-05,0.0002522110162869905,0.0008114934413610367
P56658,1,0.0007963078853821405,4.310962028853674e-08,1.6165976520686318e-07,0.00010507344547227281,4.274472160718298e-05,1.7447809376038014e-05,0.0010504180635559567
P56817,5,0.0013155452913121814,4.438947672978461e-06,2.539008484970574e-07,9.114802268682413e-05,9.469130331180069e-05,0.00028642676782188143,0.0010138972603377407
P78417,1,7.48768042819731e-05,7.757777093667505e-08,2.0345060041713415e-07,7.012163612147018e-05,8.580511031984271e-07,0.0001074451415552079,2.4154793080769435e-05
P97287,1,5.606398687539378e-05,2.9270094097596503e-08,4.54025381131132e-08,0.0001281876129111349,3.434982164332326e-06,2.5866954910999804e-05,0.0006636945557780545
P9WFU3,1,6.202748163053014e-05,3.3558606445515034e-08,1.1525257257514232e-07,7.505907947443613e-05,9.678389198779371e-06,2.654885859032503e-05,9.099022532605189e-05
P9WIL5,7,0.0007968491510717412,0.00028405960179513084,1.937698770068488e-07,8.304192086077069e-05,9.626827474738959e-05,7.85513989519809e-05,0.0006195670704352112
Q02880,1,9.605541193779934e-05,1.397588787587708e-08,2.492936386266884e-07,0.00011630147720773265,5.9885535837004315e-06,0.00010989069898527765,4.067735766870023e-05
Q05097,1,4.3148555162358366e-05,3.523627809013872e-08,1.43694440732085e-07,6.680152191140858e-05,1.0762086578293816e-05,8.234332236493238e-05,2.6479494257994008e-05
Q05320,2,0.00019292661357682103,2.890606994210453e-08,1.7998070010996632e-07,0.0003692951961294508,3.497403368656723e-05,0.0001286386283855781,0.00016580372666403318
Q06124,3,8.995762336409101e-05,2.239084183509886e-08,1.2774487753814921e-07,0.00029535133383658453,2.0037306413375e-06,6.193743340322802e-05,5.8720529674765915e-05
Q07343,3,0.002398509763290407,3.606495534375051e-08,1.3568068653166245e-07,4.046994936821755e-05,6.833952076397525e-05,0.00015245449115415335,0.002398509763290407
Q07817,6,3.772468024224483e-05,4.1922854078031725e-06,1.0518970383803457e-07,0.0001315518859689652,4.513575383109463e-06,1.6067718573574796e-05,4.1630859781732314e-05
Q07820,19,0.00013480557809587376,0.0001195981179514454,1.453099140558161e-07,8.345630497164568e-05,1.3286269120179418e-05,5.026849022075224e-05,0.00013055332043064786
Q07889,7,0.00022173409561273769,1.9661536314731697e-08,1.9854717703449186e-07,0.000441834033995562,1.6196095525714165e-05,6.789941024638871e-05,0.0002383931405832551
Q08499,1,0.00393244760519616,4.257339146055821e-08,1.8798505314872817e-07,1.9913490770995976e-05,7.417604846055995e-05,2.9611672532174985e-05,0.0014837096115452558
Q0ED31,1,3.136624729754943e-05,2.5893680575420293e-08,8.099438331788017e-08,4.080287845506245e-05,2.016301595520488e-06,2.6923453415336167e-05,1.562072528457502e-05
Q13093,3,0.0005396837448116831,3.690077103697739e-08,1.940425079267543e-07,0.00016125734813653242,3.9567251495656666e-05,9.108987569060633e-05,0.0007402594892930602
Q14397,1,8.274941507310535e-05,0.002383325925523567,1.0482710808900114e-07,0.00016378835456974184,2.4002177236569536e-06,1.653235656937237e-05,0.00011527962881489077
Q14432,1,0.0006695762372499358,3.535528714145775e-08,2.7137540871401754e-07,0.00015132536084596973,9.617561329125786e-06,1.503244642401355e-05,0.0012876976483026821
Q16658,6,0.00011548606333305585,2.971077147869701e-08,8.062127165021098e-08,0.00016254274917424822,9.804261007879563e-06,1.2226450265154056e-05,0.00011967287088845363
Q16769,1,0.001894211609992483,1.5364090309321146e-08,5.053866432310504e-07,6.088759076972045e-06,0.00011139282551398176,1.1630330442381329e-05,0.0029079458792938442
Q2N0S5,1,1.2870566787353913e-05,1.784852815543243e-08,5.5841956045501165e-08,3.241528605415631e-05,2.2524415982067664e-06,2.5373622003640176e-05,1.4300998032341805e-05
Q4Q5S8,1,0.00040858081869886,3.849618343626219e-08,1.5902745890761833e-07,0.00012170960266425425,1.8479333370297032e-05,6.0283154482942747e-05,0.00019573248323451008
Q4QBL1,1,0.0004879542643420086,3.882273784270225e-08,1.6786234069588814e-07,0.00023744640751489148,1.8577070346506961e-06,6.09824231807324e-05,0.0006943379628853424
Q5EP34,3,0.00041903621695308437,4.7458381549515867e-08,1.2591224205510177e-07,3.935092435039137e-05,0.00011879524956167824,0.00011177032496291469,0.00041903621695308437
Q61091,1,0.00018658898385439892,3.7192350347562975e-08,3.2101206380452916e-07,0.000128457284729505,0.00010136211022166985,0.0001328269828067468,0.0005584192790866138
Q66K64,1,0.001186302816701459,4.6488425875058216e-08,1.3652590096556697e-07,7.101532197278758e-05,1.7764015570719483e-05,0.0027044230695828057,0.0006315248741401493
Q6B0I6,1,0.00019762711783708514,4.161755274252358e-05,6.448787131299794e-07,0.0007598668328291936,3.504327108099292e-05,1.943445351597575e-05,0.001143322686142837
Q6GKU0,1,0.0001807058233044421,1.4562079387586006e-08,7.394075536024609e-08,3.656248445401218e-05,5.2288533611770135e-06,3.998327211159047e-05,0.00037896567753499825
Q6Q3H7,4,0.00020205481269712123,0.0004722148916901845,2.408930522738459e-07,0.0001507189475082467,3.338098995576135e-05,7.659354471529452e-05,0.00016403972369901764
Q86C09,2,0.0004393244556428267,2.989895096014128e-08,3.194739252793768e-07,0.00011383472032849121,1.4613660332782856e-05,9.28061421464704e-05,0.0004393244556428267
Q8N8N7,2,0.0008580428002522676,4.1342078908299534e-08,2.5609957852521514e-07,0.00013358403740666605,2.6739258554936988e-05,0.0004856818446696342,0.0008580428002522676
Q8VDS3,1,8.694093141102963e-05,3.254560852712987e-08,2.7879884676277856e-07,1.2293026854474684e-05,2.0243450000778976e-05,3.957112756217085e-05,0.0003163046930267826
Q8WQX9,1,0.00030140047726032664,1.673643133289277e-05,5.989679850427894e-08,0.0001271545465910646,4.1705382347550066e-05,3.4748698880132984e-06,0.00030449724958773924
Q8WUI4,2,0.00037781695116086166,2.0784239061567006e-08,1.5947278705408155e-07,0.00013383573540253553,1.329070597455982e-05,5.928035756701692e-05,0.0003723244475679899
Q92769,2,0.00014102932698021228,2.9317086316281452e-08,2.651305062819862e-07,0.00017537275330066282,1.034749349549184e-05,5.229847544269215e-05,0.00014102932698021228
Q96LA8,3,0.0011917650613422483,4.110205665444349e-07,2.9477714179098436e-07,3.7456309212714266e-05,8.833859226964546e-05,0.0005101788477246306,0.0009454951242571811
Q9AIU0,1,0.00021770205979669858,9.371493512612317e-08,3.084948992272558e-07,8.948280001347218e-05,2.1689747279637406e-05,0.0017400058679065947,9.606921886500196e-05
Q9BY41,1,0.00013060322023839224,0.00018359574792112666,2.6982220969712483e-07,4.4489664427609564e-05,2.8381561204017683e-05,0.00024153032659215764,0.0009686865133499834
Q9C0B1,1,0.00013019865901798798,8.156925998247937e-08,1.7999721444885036e-07,0.0015241256825395217,2.1743101311576948e-05,6.490040437271713e-05,5.491559249391955e-05
Q9QYJ6,2,0.0002382564231365461,1.1747613136867973e-06,1.1064106684124429e-07,0.00027297703241459747,4.4751691694842264e-05,2.6135505073054306e-05,0.0002382564231365461
Q9UBS5,1,0.00010945752626274424,3.297382311814079e-08,1.662863659819222e-07,0.0003038092423399378,5.310491612308549e-07,9.058676709290915e-06,0.00022981096868664882
Q9UGL1,1,2.4694968081301203e-05,1.6212383464269925e-08,4.8883061912587995e-08,1.3601097888908602e-05,4.565410022866223e-06,1.2128377217555496e-05,1.8738981850054466e-05
Q9Y233,16,0.0005810608051482428,1.774196921785724e-05,2.351203302954328e-07,0.0001698450174578679,4.3532110692881886e-05,2.4131922382427812e-05,0.0005184723767802997
Q9Y2R2,1,0.00027495676453655486,2.3105803139993045e-08,1.3828062363862396e-07,3.610461465217324e-05,2.521515531089783e-06,0.0007930048078094052,0.00036079633404947225
